2023-05-04 16:00	2050.845	2054.035	2044.385	2049.355	240
2023-05-04 20:00	2049.425	2050.815	2047.385	2049.755	180
2023-05-05 00:00	2049.774	2052.925	2045.395	2049.685	240
2023-05-05 04:00	2049.745	2051.015	2039.285	2040.465	240
2023-05-05 08:00	2040.425	2041.605	2034.695	2035.375	240
2023-05-05 12:00	2035.365	2038.205	1999.455	2015.124	240
2023-05-05 16:00	2015.154	2018.725	2012.935	2017.624	240
2023-05-05 20:00	2017.634	2018.748	2014.631	2016.298	60
2023-05-07 20:00	2016.608	2018.124	2014.134	2015.975	120
2023-05-08 00:00	2015.964	2023.924	2015.064	2023.144	240
2023-05-08 04:00	2023.174	2024.665	2020.014	2021.414	240
2023-05-08 08:00	2021.414	2025.414	2019.904	2022.204	240
2023-05-08 12:00	2022.204	2029.224	2017.804	2027.054	240
2023-05-08 16:00	2027.075	2029.334	2020.175	2020.235	240
2023-05-08 20:00	2020.235	2022.355	2020.085	2021.185	180
2023-05-09 00:00	2021.224	2024.915	2019.344	2024.865	240
2023-05-09 04:00	2024.895	2028.644	2021.614	2024.584	240
2023-05-09 08:00	2024.604	2032.754	2021.344	2030.945	240
2023-05-09 12:00	2030.975	2032.024	2022.864	2026.844	240
2023-05-09 16:00	2026.844	2037.494	2026.794	2034.168	240
2023-05-09 20:00	2034.178	2037.115	2033.634	2036.204	180
2023-05-10 00:00	2036.244	2038.144	2030.414	2031.615	240
2023-05-10 04:00	2031.615	2032.945	2027.375	2031.604	240
2023-05-10 08:00	2031.624	2032.004	2026.138	2029.234	240
2023-05-10 12:00	2029.245	2048.114	2021.434	2024.944	240
2023-05-10 16:00	2024.944	2034.104	2024.444	2030.875	240
2023-05-10 20:00	2030.875	2031.984	2027.308	2031.418	180
2023-05-11 00:00	2031.418	2036.325	2031.054	2032.294	240
2023-05-11 04:00	2032.324	2033.055	2021.714	2025.544	240
2023-05-11 08:00	2025.544	2039.174	2021.594	2036.714	240
2023-05-11 12:00	2036.714	2041.214	2011.044	2013.474	240
2023-05-11 16:00	2013.494	2018.234	2012.794	2014.105	240
2023-05-11 20:00	2014.115	2016.598	2013.665	2016.224	180
2023-05-12 00:00	2016.274	2017.435	2008.654	2011.574	240
2023-05-12 04:00	2011.574	2012.555	2005.595	2008.714	240
2023-05-12 08:00	2008.714	2009.655	2000.825	2004.684	240
2023-05-12 12:00	2004.684	2022.494	2003.404	2009.304	240
2023-05-12 16:00	2009.294	2016.304	2008.225	2010.825	240
2023-05-12 20:00	2010.815	2011.375	2009.798	2009.798	60
2023-05-14 20:00	2007.498	2011.885	2006.998	2009.504	120
2023-05-15 00:00	2009.504	2018.744	2008.595	2013.914	240
2023-05-15 04:00	2013.914	2019.934	2013.204	2018.334	240
2023-05-15 08:00	2018.334	2020.834	2011.824	2013.004	240
2023-05-15 12:00	2013.015	2022.114	2011.424	2017.634	240
2023-05-15 16:00	2017.624	2021.335	2014.345	2014.925	240
2023-05-15 20:00	2014.925	2016.514	2013.644	2014.345	180
2023-05-16 00:00	2014.355	2018.235	2014.095	2016.854	240
2023-05-16 04:00	2016.854	2017.625	2002.604	2010.024	240
2023-05-16 08:00	2009.984	2010.224	2005.054	2005.424	240
2023-05-16 12:00	2005.364	2014.824	1994.545	1995.924	240
2023-05-16 16:00	1995.924	1996.974	1985.405	1989.838	240
2023-05-16 20:00	1989.794	1991.064	1987.955	1989.625	180
2023-05-17 00:00	1989.625	1992.985	1989.625	1991.288	240
2023-05-17 04:00	1991.288	1992.054	1986.654	1987.614	240
2023-05-17 08:00	1987.575	1989.034	1983.634	1987.324	240
2023-05-17 12:00	1987.334	1987.954	1974.935	1980.335	240
2023-05-17 16:00	1980.335	1984.494	1980.024	1982.925	240
2023-05-17 20:00	1982.888	1983.595	1979.945	1982.625	180
2023-05-18 00:00	1982.654	1985.944	1981.315	1982.234	240
2023-05-18 04:00	1982.234	1982.684	1973.368	1974.474	240
2023-05-18 08:00	1974.474	1978.825	1972.074	1974.055	240
2023-05-18 12:00	1974.075	1975.348	1951.885	1955.965	240
2023-05-18 16:00	1955.965	1958.865	1953.855	1957.195	240
2023-05-18 20:00	1957.205	1959.135	1956.418	1958.295	180
2023-05-19 00:00	1958.325	1963.585	1953.905	1963.185	240
2023-05-19 04:00	1963.215	1968.614	1960.515	1966.835	240
2023-05-19 08:00	1966.825	1968.085	1962.185	1963.615	240
2023-05-19 12:00	1963.595	1984.075	1957.095	1974.645	240
2023-05-19 16:00	1974.694	1983.088	1973.025	1976.065	240
2023-05-19 20:00	1976.055	1977.738	1975.315	1977.448	60
2023-05-21 20:00	1976.478	1981.375	1976.478	1980.695	120
2023-05-22 00:00	1980.715	1982.225	1976.195	1977.705	240
2023-05-22 04:00	1977.715	1978.705	1971.145	1976.755	240
2023-05-22 08:00	1976.745	1982.505	1969.695	1972.865	240
2023-05-22 12:00	1972.865	1978.584	1968.765	1972.395	240
2023-05-22 16:00	1972.395	1978.778	1971.615	1972.055	240
2023-05-22 20:00	1972.015	1972.495	1969.415	1969.645	178
2023-05-23 00:00	1969.695	1971.685	1960.165	1962.595	240
2023-05-23 04:00	1962.575	1964.515	1955.308	1957.125	240
2023-05-23 08:00	1957.105	1961.225	1954.084	1958.795	240
2023-05-23 12:00	1958.765	1973.458	1957.625	1967.275	240
2023-05-23 16:00	1967.245	1977.554	1966.225	1974.728	240
2023-05-23 20:00	1974.745	1977.158	1974.118	1974.945	178
2023-05-24 00:00	1974.935	1976.905	1972.654	1976.435	240
2023-05-24 04:00	1976.445	1980.458	1970.585	1973.915	240
2023-05-24 08:00	1973.945	1981.945	1973.435	1981.815	240
2023-05-24 12:00	1981.795	1985.194	1960.375	1962.945	240
2023-05-24 16:00	1962.945	1965.165	1956.548	1958.915	240
2023-05-24 20:00	1958.878	1961.755	1956.104	1959.715	180
2023-05-25 00:00	1959.725	1960.075	1954.905	1957.125	240
2023-05-25 04:00	1957.175	1961.315	1954.835	1959.395	240
2023-05-25 08:00	1959.375	1964.625	1959.155	1961.865	240
2023-05-25 12:00	1961.925	1962.958	1939.044	1945.315	240
2023-05-25 16:00	1945.295	1946.845	1938.658	1940.055	240
2023-05-25 20:00	1940.035	1942.954	1939.335	1940.465	180
2023-05-26 00:00	1940.475	1948.775	1936.655	1948.385	240
2023-05-26 04:00	1948.395	1957.215	1946.885	1956.145	240
2023-05-26 08:00	1956.125	1956.675	1950.955	1951.395	240
2023-05-26 12:00	1951.395	1953.805	1938.685	1943.415	240
2023-05-26 16:00	1943.385	1947.488	1942.705	1947.338	240
2023-05-26 20:00	1947.295	1947.438	1945.178	1945.788	60
2023-05-28 20:00	1942.078	1946.255	1941.098	1943.615	120
2023-05-29 00:00	1943.605	1946.135	1940.145	1945.525	240
2023-05-29 04:00	1945.525	1948.835	1943.735	1944.155	240
2023-05-29 08:00	1944.135	1946.565	1940.755	1946.265	240
2023-05-29 12:00	1946.275	1949.575	1944.745	1945.785	240
2023-05-29 16:00	1945.774	1945.774	1942.675	1943.054	149
2023-05-29 20:00	1943.704	1944.154	1941.154	1941.338	120
2023-05-30 00:00	1941.344	1946.505	1939.235	1939.304	240
2023-05-30 04:00	1939.284	1942.214	1931.905	1942.184	240
2023-05-30 08:00	1942.164	1960.665	1941.585	1960.135	240
2023-05-30 12:00	1960.165	1962.185	1950.314	1961.958	240
2023-05-30 16:00	1961.958	1963.378	1957.648	1960.085	240
2023-05-30 20:00	1960.065	1960.065	1957.838	1958.378	178
2023-05-31 00:00	1958.404	1960.345	1953.498	1957.965	240
2023-05-31 04:00	1957.955	1965.285	1955.528	1956.005	240
2023-05-31 08:00	1955.995	1960.725	1954.825	1960.265	240
2023-05-31 12:00	1960.305	1974.628	1959.784	1968.468	240
2023-05-31 16:00	1968.468	1969.175	1962.595	1963.025	240
2023-05-31 20:00	1962.995	1966.905	1961.970	1966.245	180
2023-06-01 00:00	1966.225	1967.395	1961.985	1964.165	240
2023-06-01 04:00	1964.165	1965.755	1955.028	1955.455	240
2023-06-01 08:00	1955.515	1968.248	1953.255	1967.725	240
2023-06-01 12:00	1967.668	1983.015	1958.545	1982.025	240
2023-06-01 16:00	1982.015	1982.535	1975.535	1978.025	240
2023-06-01 20:00	1978.045	1978.295	1975.835	1976.895	180
2023-06-02 00:00	1976.945	1983.315	1973.945	1982.375	240
2023-06-02 04:00	1982.395	1982.735	1975.705	1975.955	240
2023-06-02 08:00	1975.925	1981.005	1974.905	1978.675	240
2023-06-02 12:00	1978.675	1980.074	1960.935	1961.975	240
2023-06-02 16:00	1961.965	1962.105	1947.988	1948.585	240
2023-06-02 20:00	1948.615	1948.888	1947.164	1947.738	60
2023-06-04 20:00	1947.045	1949.995	1946.788	1949.255	120
2023-06-05 00:00	1949.245	1949.405	1943.915	1947.035	240
2023-06-05 04:00	1946.975	1947.265	1938.365	1939.815	240
2023-06-05 08:00	1939.785	1945.865	1938.255	1942.145	240
2023-06-05 12:00	1942.175	1961.845	1938.045	1958.055	240
2023-06-05 16:00	1958.045	1963.955	1957.045	1960.985	240
2023-06-05 20:00	1961.055	1963.015	1960.324	1961.195	180
2023-06-06 00:00	1961.215	1964.495	1958.845	1959.155	240
2023-06-06 04:00	1959.244	1962.615	1956.725	1957.435	240
2023-06-06 08:00	1957.425	1964.865	1957.195	1962.648	240
2023-06-06 12:00	1962.605	1966.238	1954.255	1963.345	240
2023-06-06 16:00	1963.335	1966.195	1960.985	1962.795	240
2023-06-06 20:00	1962.835	1964.388	1962.395	1963.295	178
2023-06-07 00:00	1963.335	1966.688	1962.798	1963.315	240
2023-06-07 04:00	1963.325	1964.865	1954.845	1956.085	240
2023-06-07 08:00	1956.075	1966.288	1955.705	1961.225	240
2023-06-07 12:00	1961.215	1970.085	1946.244	1947.065	240
2023-06-07 16:00	1947.055	1947.585	1939.965	1940.015	240
2023-06-07 20:00	1939.985	1945.275	1939.544	1944.405	180
2023-06-08 00:00	1944.415	1947.005	1944.245	1946.275	240
2023-06-08 04:00	1946.275	1948.198	1942.725	1947.158	240
2023-06-08 08:00	1947.158	1949.025	1944.855	1946.535	240
2023-06-08 12:00	1946.575	1970.398	1946.165	1966.664	240
2023-06-08 16:00	1966.674	1969.064	1961.685	1964.938	240
2023-06-08 20:00	1964.865	1966.285	1959.838	1965.275	180
2023-06-09 00:00	1965.225	1965.558	1963.038	1963.745	240
2023-06-09 04:00	1963.725	1965.965	1962.238	1963.014	240
2023-06-09 08:00	1963.005	1966.845	1960.498	1966.365	240
2023-06-09 12:00	1966.345	1972.928	1956.475	1962.075	240
2023-06-09 16:00	1962.045	1962.735	1959.518	1960.075	240
2023-06-09 20:00	1960.065	1961.008	1959.938	1960.798	60
2023-06-11 20:00	1959.324	1960.505	1957.844	1959.905	120
2023-06-12 00:00	1959.875	1960.395	1954.185	1958.378	240
2023-06-12 04:00	1958.378	1961.925	1956.505	1960.525	240
2023-06-12 08:00	1960.505	1966.865	1960.115	1963.875	240
2023-06-12 12:00	1963.885	1965.848	1949.125	1955.325	240
2023-06-12 16:00	1955.325	1958.688	1952.985	1957.808	240
2023-06-12 20:00	1957.965	1960.495	1956.638	1959.855	180
2023-06-13 00:00	1959.825	1962.025	1955.885	1961.945	240
2023-06-13 04:00	1961.965	1965.265	1958.155	1962.098	240
2023-06-13 08:00	1962.084	1966.098	1961.365	1963.638	240
2023-06-13 12:00	1963.628	1970.724	1941.975	1943.045	240
2023-06-13 16:00	1943.025	1947.045	1939.935	1943.425	240
2023-06-13 20:00	1943.338	1945.045	1941.954	1943.795	180
2023-06-14 00:00	1943.845	1949.255	1942.695	1949.185	240
2023-06-14 04:00	1949.165	1951.418	1945.125	1949.555	240
2023-06-14 08:00	1949.545	1952.755	1945.665	1946.905	240
2023-06-14 12:00	1946.905	1960.205	1946.098	1955.905	240
2023-06-14 16:00	1955.905	1957.355	1939.898	1944.788	240
2023-06-14 20:00	1944.795	1946.055	1939.498	1945.185	180
2023-06-15 00:00	1945.175	1945.175	1932.305	1934.785	240
2023-06-15 04:00	1934.805	1939.715	1928.835	1933.418	240
2023-06-15 08:00	1933.395	1936.665	1927.888	1928.415	240
2023-06-15 12:00	1928.415	1959.638	1924.898	1956.455	240
2023-06-15 16:00	1956.475	1960.125	1956.435	1958.615	240
2023-06-15 20:00	1958.655	1959.155	1956.908	1958.125	180
2023-06-16 00:00	1958.115	1961.935	1955.125	1956.575	240
2023-06-16 04:00	1956.595	1963.245	1954.545	1961.428	240
2023-06-16 08:00	1961.465	1966.405	1959.814	1965.535	240
2023-06-16 12:00	1965.525	1967.825	1953.165	1956.195	240
2023-06-16 16:00	1956.195	1959.645	1953.845	1955.308	240
2023-06-16 20:00	1955.268	1957.978	1955.055	1957.358	60
2023-06-18 20:00	1957.198	1958.404	1956.148	1957.035	120
2023-06-19 00:00	1957.065	1958.548	1953.844	1955.655	240
2023-06-19 04:00	1955.645	1957.355	1952.575	1955.015	240
2023-06-19 08:00	1954.995	1958.685	1948.205	1948.425	240
2023-06-19 12:00	1948.445	1953.345	1947.685	1950.565	240
2023-06-19 16:00	1950.505	1951.795	1949.395	1950.125	148
2023-06-19 20:00	1950.575	1953.938	1950.474	1952.385	118
2023-06-20 00:00	1952.375	1952.895	1945.005	1950.195	240
2023-06-20 04:00	1950.195	1956.675	1946.745	1954.805	240
2023-06-20 08:00	1954.795	1955.505	1949.885	1951.275	240
2023-06-20 12:00	1951.285	1954.455	1929.705	1935.065	240
2023-06-20 16:00	1935.085	1938.605	1934.125	1936.045	240
2023-06-20 20:00	1935.955	1938.658	1935.264	1937.205	178
2023-06-21 00:00	1937.215	1939.375	1935.335	1936.888	240
2023-06-21 04:00	1936.894	1937.285	1931.155	1934.935	240
2023-06-21 08:00	1934.935	1935.825	1931.964	1934.475	240
2023-06-21 12:00	1934.415	1935.245	1919.075	1932.135	240
2023-06-21 16:00	1932.095	1937.505	1930.258	1933.325	240
2023-06-21 20:00	1933.475	1934.845	1931.784	1933.755	180
2023-06-22 00:00	1933.815	1934.165	1931.384	1932.555	240
2023-06-22 04:00	1932.555	1933.005	1926.955	1929.905	240
2023-06-22 08:00	1929.875	1931.375	1924.764	1927.178	240
2023-06-22 12:00	1927.155	1930.875	1912.675	1913.375	240
2023-06-22 16:00	1913.365	1917.715	1912.965	1913.825	240
2023-06-22 20:00	1913.805	1914.905	1912.224	1914.365	178
2023-06-23 00:00	1914.375	1915.955	1910.065	1912.345	240
2023-06-23 04:00	1912.365	1918.855	1911.945	1917.914	240
2023-06-23 08:00	1917.915	1920.535	1916.505	1919.085	240
2023-06-23 12:00	1919.105	1937.238	1918.775	1920.965	240
2023-06-23 16:00	1920.955	1922.245	1917.825	1919.025	240
2023-06-23 20:00	1919.005	1921.498	1918.935	1920.388	60
2023-06-25 20:00	1924.948	1925.365	1922.534	1925.235	120
2023-06-26 00:00	1925.275	1928.485	1924.018	1925.405	240
2023-06-26 04:00	1925.425	1929.065	1922.065	1928.765	240
2023-06-26 08:00	1928.785	1933.245	1928.755	1931.265	240
2023-06-26 12:00	1931.275	1933.005	1921.425	1925.605	240
2023-06-26 16:00	1925.598	1926.438	1922.275	1922.805	240
2023-06-26 20:00	1922.805	1924.575	1920.855	1922.295	176
2023-06-27 00:00	1922.348	1930.285	1921.615	1928.365	240
2023-06-27 04:00	1928.395	1929.595	1924.055	1928.044	240
2023-06-27 08:00	1928.028	1928.545	1919.605	1922.995	240
2023-06-27 12:00	1922.985	1930.585	1911.385	1913.405	240
2023-06-27 16:00	1913.405	1916.495	1910.785	1913.638	240
2023-06-27 20:00	1913.655	1915.775	1912.815	1915.385	179
2023-06-28 00:00	1915.395	1917.155	1913.325	1915.028	240
2023-06-28 04:00	1915.038	1916.645	1909.065	1910.778	240
2023-06-28 08:00	1910.774	1911.855	1905.605	1907.055	240
2023-06-28 12:00	1907.085	1913.158	1902.695	1910.674	240
2023-06-28 16:00	1910.734	1913.245	1909.185	1909.215	240
2023-06-28 20:00	1909.215	1910.608	1906.605	1909.498	180
2023-06-29 00:00	1909.548	1912.705	1902.648	1905.355	240
2023-06-29 04:00	1905.345	1907.365	1902.455	1905.625	240
2023-06-29 08:00	1905.625	1910.905	1903.865	1909.895	240
2023-06-29 12:00	1909.894	1912.995	1892.915	1908.895	240
2023-06-29 16:00	1908.885	1910.655	1906.115	1907.555	240
2023-06-29 20:00	1907.505	1908.825	1906.938	1908.625	180
2023-06-30 00:00	1908.625	1909.585	1906.985	1908.225	240
2023-06-30 04:00	1908.245	1909.855	1903.575	1905.185	240
2023-06-30 08:00	1905.195	1906.488	1900.465	1905.225	240
2023-06-30 12:00	1905.225	1919.305	1904.495	1918.935	240
2023-06-30 16:00	1918.935	1922.628	1917.375	1919.925	240
2023-06-30 20:00	1919.898	1919.898	1917.888	1919.538	60
2023-07-02 20:00	1918.898	1919.565	1917.120	1918.105	120
2023-07-03 00:00	1918.125	1918.905	1914.488	1918.194	240
2023-07-03 04:00	1918.194	1920.438	1911.995	1912.095	240
2023-07-03 08:00	1912.115	1914.295	1909.965	1912.445	240
2023-07-03 12:00	1912.445	1930.935	1911.528	1926.458	240
2023-07-03 16:00	1926.428	1926.608	1920.525	1921.285	236
2023-07-03 20:00	1921.285	1921.555	1919.644	1921.155	167
2023-07-04 00:00	1921.155	1923.435	1919.955	1922.945	240
2023-07-04 04:00	1922.955	1928.335	1922.675	1927.935	240
2023-07-04 08:00	1927.945	1930.615	1925.675	1928.405	240
2023-07-04 12:00	1928.405	1930.175	1926.055	1926.915	240
2023-07-04 16:00	1926.895	1927.085	1923.915	1925.725	149
2023-07-04 20:00	1925.674	1926.924	1924.148	1926.245	120
2023-07-05 00:00	1926.245	1927.045	1923.115	1924.285	240
2023-07-05 04:00	1924.265	1927.584	1920.745	1927.308	240
2023-07-05 08:00	1927.285	1929.428	1925.045	1927.385	240
2023-07-05 12:00	1927.408	1934.905	1919.015	1923.074	240
2023-07-05 16:00	1923.078	1924.665	1915.085	1915.735	240
2023-07-05 20:00	1915.735	1917.795	1914.244	1916.765	180
2023-07-06 00:00	1916.765	1919.605	1916.025	1918.098	240
2023-07-06 04:00	1917.884	1921.405	1916.848	1918.825	240
2023-07-06 08:00	1918.805	1927.405	1916.108	1926.565	240
2023-07-06 12:00	1926.565	1927.505	1902.505	1911.314	240
2023-07-06 16:00	1911.324	1912.238	1908.808	1910.078	240
2023-07-06 20:00	1910.145	1912.205	1909.408	1911.495	178
2023-07-07 00:00	1911.545	1912.365	1909.525	1911.085	240
2023-07-07 04:00	1911.095	1916.365	1910.215	1914.495	240
2023-07-07 08:00	1914.505	1918.198	1913.235	1917.425	240
2023-07-07 12:00	1917.415	1934.745	1914.195	1927.525	240
2023-07-07 16:00	1927.515	1929.225	1924.585	1924.585	240
2023-07-07 20:00	1924.635	1925.448	1923.838	1923.838	59
2023-07-09 20:00	1923.998	1928.075	1923.598	1924.775	120
2023-07-10 00:00	1924.825	1926.835	1922.435	1923.815	240
2023-07-10 04:00	1923.795	1925.558	1919.295	1924.758	240
2023-07-10 08:00	1924.724	1926.135	1922.575	1924.568	240
2023-07-10 12:00	1924.534	1924.885	1912.585	1923.408	240
2023-07-10 16:00	1923.408	1926.755	1922.538	1925.608	240
2023-07-10 20:00	1925.624	1925.738	1924.175	1924.735	178
2023-07-11 00:00	1924.765	1928.905	1924.355	1926.615	240
2023-07-11 04:00	1926.585	1938.265	1926.345	1932.175	240
2023-07-11 08:00	1932.175	1938.274	1931.915	1936.245	240
2023-07-11 12:00	1936.205	1936.445	1929.315	1931.000	240
2023-07-11 16:00	1931.000	1932.755	1929.255	1932.415	240
2023-07-11 20:00	1932.395	1933.655	1931.485	1933.235	178
2023-07-12 00:00	1933.235	1940.855	1933.165	1938.385	240
2023-07-12 04:00	1938.415	1940.155	1933.755	1934.615	240
2023-07-12 08:00	1934.615	1936.385	1933.435	1934.575	240
2023-07-12 12:00	1934.575	1958.195	1933.485	1955.538	240
2023-07-12 16:00	1955.538	1959.595	1955.305	1958.675	240
2023-07-12 20:00	1958.665	1958.685	1955.724	1957.685	180
2023-07-13 00:00	1957.675	1961.635	1956.225	1960.205	240
2023-07-13 04:00	1960.215	1963.275	1955.165	1961.705	240
2023-07-13 08:00	1961.695	1962.635	1957.915	1959.738	240
2023-07-13 12:00	1959.724	1963.494	1952.245	1954.905	240
2023-07-13 16:00	1954.875	1960.705	1954.665	1959.925	240
2023-07-13 20:00	1959.925	1961.668	1959.718	1959.908	179
2023-07-14 00:00	1959.924	1963.585	1958.248	1962.445	240
2023-07-14 04:00	1962.425	1962.425	1954.265	1956.805	240
2023-07-14 08:00	1956.785	1959.925	1955.085	1959.088	240
2023-07-14 12:00	1959.084	1962.584	1950.875	1957.995	240
2023-07-14 16:00	1957.995	1960.935	1954.235	1954.235	240
2023-07-14 20:00	1954.255	1955.488	1954.026	1954.748	60
2023-07-16 20:00	1954.048	1955.694	1951.194	1953.265	120
2023-07-17 00:00	1953.255	1955.865	1950.835	1952.025	240
2023-07-17 04:00	1952.025	1956.705	1950.485	1952.225	240
2023-07-17 08:00	1952.215	1959.745	1951.875	1957.468	240
2023-07-17 12:00	1957.424	1959.294	1945.638	1954.508	240
2023-07-17 16:00	1954.485	1956.275	1952.335	1955.255	240
2023-07-17 20:00	1955.205	1956.205	1953.554	1955.355	178
2023-07-18 00:00	1955.345	1960.505	1954.585	1959.695	240
2023-07-18 04:00	1959.705	1964.015	1957.705	1961.385	240
2023-07-18 08:00	1961.415	1971.998	1960.395	1962.884	240
2023-07-18 12:00	1962.885	1984.195	1960.575	1977.975	240
2023-07-18 16:00	1977.978	1981.345	1974.895	1977.598	240
2023-07-18 20:00	1977.535	1979.045	1976.695	1977.395	179
2023-07-19 00:00	1977.355	1978.385	1974.335	1975.425	240
2023-07-19 04:00	1975.435	1980.775	1972.915	1977.845	240
2023-07-19 08:00	1977.845	1979.045	1971.535	1973.605	240
2023-07-19 12:00	1973.605	1979.738	1969.645	1973.745	240
2023-07-19 16:00	1973.725	1978.805	1971.975	1978.348	240
2023-07-19 20:00	1978.285	1978.704	1975.435	1977.695	180
2023-07-20 00:00	1977.635	1987.385	1977.205	1985.055	240
2023-07-20 04:00	1985.055	1985.328	1977.795	1979.145	240
2023-07-20 08:00	1979.145	1983.685	1978.095	1981.365	240
2023-07-20 12:00	1981.355	1981.485	1965.685	1968.575	240
2023-07-20 16:00	1968.565	1971.415	1965.198	1968.675	240
2023-07-20 20:00	1968.655	1972.745	1968.365	1972.115	178
2023-07-21 00:00	1972.155	1973.705	1969.825	1970.045	240
2023-07-21 04:00	1970.025	1972.165	1964.028	1964.178	240
2023-07-21 08:00	1964.178	1966.665	1960.985	1965.605	240
2023-07-21 12:00	1965.584	1967.968	1956.678	1960.185	240
2023-07-21 16:00	1960.175	1964.725	1960.045	1962.388	240
2023-07-21 20:00	1962.348	1962.488	1961.378	1961.428	60
2023-07-23 20:00	1961.498	1962.805	1960.285	1961.028	120
2023-07-24 00:00	1961.028	1962.555	1959.015	1960.015	240
2023-07-24 04:00	1959.995	1965.525	1957.735	1963.128	240
2023-07-24 08:00	1963.114	1967.725	1959.335	1964.828	240
2023-07-24 12:00	1964.828	1967.585	1956.925	1959.565	240
2023-07-24 16:00	1959.545	1961.335	1953.335	1954.225	240
2023-07-24 20:00	1954.215	1955.375	1953.145	1954.345	180
2023-07-25 00:00	1954.365	1963.405	1953.805	1961.565	240
2023-07-25 04:00	1961.555	1964.045	1959.635	1961.135	240
2023-07-25 08:00	1961.095	1963.514	1953.105	1960.615	240
2023-07-25 12:00	1960.585	1965.258	1951.898	1964.175	240
2023-07-25 16:00	1964.145	1965.548	1961.135	1964.415	240
2023-07-25 20:00	1964.345	1966.125	1963.978	1965.235	180
2023-07-26 00:00	1965.235	1965.945	1961.945	1963.815	240
2023-07-26 04:00	1963.835	1971.015	1962.295	1970.468	240
2023-07-26 08:00	1970.445	1974.058	1969.505	1972.055	240
2023-07-26 12:00	1972.055	1974.935	1963.785	1972.285	240
2023-07-26 16:00	1972.255	1978.118	1965.285	1974.715	240
2023-07-26 20:00	1974.685	1974.695	1970.985	1971.885	180
2023-07-27 00:00	1971.905	1982.085	1971.095	1977.865	240
2023-07-27 04:00	1977.905	1982.075	1973.918	1979.795	240
2023-07-27 08:00	1979.785	1981.035	1973.445	1978.975	240
2023-07-27 12:00	1978.995	1979.035	1942.575	1946.815	240
2023-07-27 16:00	1946.755	1949.625	1942.525	1944.125	237
2023-07-27 20:00	1944.105	1947.975	1943.305	1947.385	180
2023-07-28 00:00	1947.355	1954.825	1945.925	1954.125	240
2023-07-28 04:00	1954.135	1956.695	1948.098	1949.498	240
2023-07-28 08:00	1949.498	1957.878	1947.715	1956.458	240
2023-07-28 12:00	1956.458	1963.298	1952.165	1960.855	240
2023-07-28 16:00	1960.865	1963.374	1957.375	1958.995	240
2023-07-28 20:00	1958.995	1959.405	1958.425	1958.465	60
2023-07-30 20:00	1958.608	1960.455	1957.204	1957.875	120
2023-07-31 00:00	1957.865	1958.785	1953.608	1954.515	240
2023-07-31 04:00	1954.525	1957.045	1953.035	1954.815	240
2023-07-31 08:00	1954.835	1960.935	1950.655	1958.955	240
2023-07-31 12:00	1958.935	1972.295	1957.338	1970.558	240
2023-07-31 16:00	1970.524	1972.155	1964.145	1964.465	240
2023-07-31 20:00	1964.465	1965.915	1963.755	1963.815	180
2023-08-01 00:00	1963.778	1964.595	1958.915	1962.055	240
2023-08-01 04:00	1962.035	1962.215	1954.355	1955.445	240
2023-08-01 08:00	1955.435	1957.565	1953.065	1953.505	240
2023-08-01 12:00	1953.505	1955.915	1941.345	1944.165	240
2023-08-01 16:00	1944.165	1945.485	1941.118	1944.335	240
2023-08-01 20:00	1944.365	1952.755	1943.498	1952.045	180
2023-08-02 00:00	1952.055	1952.295	1946.538	1949.215	240
2023-08-02 04:00	1949.205	1950.295	1945.165	1948.258	240
2023-08-02 08:00	1948.224	1954.675	1948.195	1950.635	240
2023-08-02 12:00	1950.635	1951.815	1932.885	1935.465	240
2023-08-02 16:00	1935.455	1938.994	1934.935	1935.175	240
2023-08-02 20:00	1935.165	1936.815	1933.605	1935.965	180
2023-08-03 00:00	1935.975	1938.815	1933.795	1937.215	240
2023-08-03 04:00	1937.115	1938.145	1930.845	1936.815	240
2023-08-03 08:00	1936.795	1938.315	1932.785	1934.985	240
2023-08-03 12:00	1934.955	1938.655	1929.425	1933.015	240
2023-08-03 16:00	1933.005	1935.875	1932.415	1934.175	240
2023-08-03 20:00	1934.195	1936.898	1933.644	1935.745	180
2023-08-04 00:00	1935.745	1937.925	1934.228	1935.105	240
2023-08-04 04:00	1935.125	1937.345	1932.035	1932.805	240
2023-08-04 08:00	1932.785	1934.135	1931.135	1932.185	240
2023-08-04 12:00	1932.205	1946.798	1924.898	1942.605	240
2023-08-04 16:00	1942.575	1943.385	1939.745	1941.218	240
2023-08-04 20:00	1941.218	1943.098	1940.925	1942.568	60
2023-08-06 20:00	1942.098	1946.605	1941.348	1943.785	120
2023-08-07 00:00	1943.785	1945.215	1938.104	1939.255	240
2023-08-07 04:00	1939.225	1939.385	1935.415	1936.725	240
2023-08-07 08:00	1936.705	1937.535	1933.278	1936.115	240
2023-08-07 12:00	1936.135	1941.605	1931.365	1932.425	240
2023-08-07 16:00	1932.415	1937.518	1932.025	1936.605	240
2023-08-07 20:00	1936.615	1937.945	1935.525	1936.605	179
2023-08-08 00:00	1936.615	1937.255	1931.075	1933.015	240
2023-08-08 04:00	1933.005	1934.785	1930.165	1930.355	240
2023-08-08 08:00	1930.435	1935.575	1928.035	1928.755	240
2023-08-08 12:00	1928.785	1931.955	1922.655	1925.685	240
2023-08-08 16:00	1925.685	1928.365	1923.525	1924.785	240
2023-08-08 20:00	1924.735	1925.635	1924.465	1925.408	176
2023-08-09 00:00	1925.405	1930.765	1924.135	1930.005	240
2023-08-09 04:00	1930.035	1932.255	1928.468	1930.465	240
2023-08-09 08:00	1930.485	1930.665	1923.185	1924.425	240
2023-08-09 12:00	1924.415	1927.505	1915.455	1916.625	240
2023-08-09 16:00	1916.635	1918.075	1915.325	1915.465	240
2023-08-09 20:00	1915.415	1916.875	1913.505	1916.535	178
2023-08-10 00:00	1916.565	1919.095	1915.188	1918.595	240
2023-08-10 04:00	1918.595	1920.525	1915.445	1919.255	240
2023-08-10 08:00	1919.235	1922.615	1918.565	1921.795	240
2023-08-10 12:00	1921.775	1929.995	1912.738	1919.905	240
2023-08-10 16:00	1919.915	1921.615	1912.805	1913.265	240
2023-08-10 20:00	1913.235	1913.565	1910.694	1912.315	176
2023-08-11 00:00	1912.285	1915.885	1911.815	1914.555	240
2023-08-11 04:00	1914.555	1917.935	1912.535	1917.795	240
2023-08-11 08:00	1917.775	1919.745	1916.035	1918.854	240
2023-08-11 12:00	1918.854	1920.815	1912.775	1913.965	240
2023-08-11 16:00	1913.965	1915.405	1912.095	1913.448	240
2023-08-11 20:00	1913.448	1913.835	1912.744	1913.378	60
2023-08-13 20:00	1912.255	1915.105	1911.915	1913.565	120
2023-08-14 00:00	1913.575	1913.655	1909.944	1912.665	240
2023-08-14 04:00	1912.645	1915.894	1910.458	1914.375	240
2023-08-14 08:00	1914.445	1916.135	1912.068	1913.875	240
2023-08-14 12:00	1913.805	1913.915	1902.595	1910.585	240
2023-08-14 16:00	1910.555	1913.125	1907.155	1907.515	240
2023-08-14 20:00	1907.445	1908.005	1904.885	1907.505	178
2023-08-15 00:00	1907.475	1908.145	1903.595	1907.085	240
2023-08-15 04:00	1907.055	1907.405	1903.415	1904.865	240
2023-08-15 08:00	1904.845	1905.055	1901.855	1904.135	240
2023-08-15 12:00	1904.165	1911.525	1896.215	1906.795	240
2023-08-15 16:00	1906.775	1907.305	1902.315	1902.585	240
2023-08-15 20:00	1902.595	1903.495	1900.085	1901.345	179
2023-08-16 00:00	1901.365	1905.185	1900.385	1903.995	240
2023-08-16 04:00	1903.985	1906.435	1902.688	1904.505	240
2023-08-16 08:00	1904.505	1907.095	1903.025	1903.035	240
2023-08-16 12:00	1903.015	1906.385	1899.065	1901.815	240
2023-08-16 16:00	1901.805	1902.495	1891.745	1892.145	240
2023-08-16 20:00	1892.165	1894.865	1891.148	1893.165	180
2023-08-17 00:00	1893.165	1893.785	1889.545	1892.665	240
2023-08-17 04:00	1892.625	1897.505	1892.015	1896.365	240
2023-08-17 08:00	1896.345	1899.465	1893.494	1898.735	240
2023-08-17 12:00	1898.715	1903.375	1889.055	1889.385	240
2023-08-17 16:00	1889.425	1891.105	1884.925	1888.895	240
2023-08-17 20:00	1888.928	1891.575	1888.238	1891.195	179
2023-08-18 00:00	1891.215	1895.065	1890.625	1892.615	240
2023-08-18 04:00	1892.655	1894.015	1891.045	1892.475	240
2023-08-18 08:00	1892.478	1895.455	1891.228	1893.695	240
2023-08-18 12:00	1893.735	1896.678	1888.555	1891.205	240
2023-08-18 16:00	1891.205	1891.865	1886.675	1889.185	240
2023-08-18 20:00	1889.165	1889.785	1888.198	1889.258	60
2023-08-20 20:00	1889.335	1890.755	1888.685	1889.955	120
2023-08-21 00:00	1889.955	1893.605	1884.755	1891.505	240
2023-08-21 04:00	1891.565	1894.015	1887.315	1888.045	240
2023-08-21 08:00	1888.035	1893.025	1886.715	1892.945	240
2023-08-21 12:00	1892.935	1898.665	1885.155	1889.085	240
2023-08-21 16:00	1889.105	1895.285	1888.968	1894.158	240
2023-08-21 20:00	1894.158	1895.848	1894.095	1894.655	170
2023-08-22 00:00	1894.655	1897.195	1893.585	1896.025	240
2023-08-22 04:00	1896.025	1901.805	1893.755	1901.395	240
2023-08-22 08:00	1901.405	1904.405	1898.285	1902.105	240
2023-08-22 12:00	1902.085	1903.335	1889.018	1897.725	240
2023-08-22 16:00	1897.775	1898.845	1896.315	1897.515	240
2023-08-22 20:00	1897.515	1898.555	1896.955	1898.475	170
2023-08-23 00:00	1898.475	1902.955	1898.385	1901.505	240
2023-08-23 04:00	1901.515	1904.635	1900.635	1903.535	240
2023-08-23 08:00	1903.515	1905.358	1901.185	1903.215	240
2023-08-23 12:00	1903.195	1918.805	1902.555	1918.215	240
2023-08-23 16:00	1918.225	1920.275	1916.198	1916.678	240
2023-08-23 20:00	1916.678	1917.985	1914.295	1917.805	177
2023-08-24 00:00	1917.815	1921.535	1917.265	1920.778	240
2023-08-24 04:00	1920.745	1922.805	1919.415	1919.445	240
2023-08-24 08:00	1919.465	1921.945	1916.335	1916.535	240
2023-08-24 12:00	1916.565	1923.225	1911.655	1920.935	240
2023-08-24 16:00	1920.925	1921.298	1916.595	1916.665	240
2023-08-24 20:00	1916.715	1917.435	1915.495	1915.805	171
2023-08-25 00:00	1915.775	1917.485	1913.045	1913.355	240
2023-08-25 04:00	1913.375	1916.075	1912.695	1914.125	240
2023-08-25 08:00	1914.125	1918.375	1913.195	1918.275	240
2023-08-25 12:00	1918.275	1922.265	1903.705	1907.705	240
2023-08-25 16:00	1907.745	1914.588	1907.515	1914.285	240
2023-08-25 20:00	1914.275	1915.135	1913.178	1914.778	60
2023-08-27 20:00	1915.548	1916.148	1914.165	1914.905	120
2023-08-28 00:00	1914.895	1917.385	1914.458	1916.235	240
2023-08-28 04:00	1916.235	1917.608	1914.195	1914.385	240
2023-08-28 08:00	1914.385	1915.585	1913.378	1914.715	240
2023-08-28 12:00	1914.715	1925.955	1912.675	1924.638	240
2023-08-28 16:00	1924.584	1925.175	1916.765	1919.625	240
2023-08-28 20:00	1919.625	1921.625	1918.375	1921.155	172
2023-08-29 00:00	1921.185	1925.745	1920.955	1925.335	240
2023-08-29 04:00	1925.335	1925.535	1921.535	1923.165	240
2023-08-29 08:00	1923.165	1924.405	1916.615	1917.065	240
2023-08-29 12:00	1917.078	1937.555	1914.355	1936.615	240
2023-08-29 16:00	1936.635	1938.095	1933.965	1937.985	240
2023-08-29 20:00	1937.965	1937.965	1935.895	1936.125	177
2023-08-30 00:00	1936.065	1937.425	1935.228	1936.705	240
2023-08-30 04:00	1936.715	1936.958	1934.838	1936.445	240
2023-08-30 08:00	1936.465	1939.565	1935.365	1938.985	240
2023-08-30 12:00	1938.975	1948.965	1938.645	1944.785	240
2023-08-30 16:00	1944.774	1945.535	1942.728	1943.325	239
2023-08-30 20:00	1943.335	1945.348	1941.855	1944.145	178
2023-08-31 00:00	1944.245	1947.665	1944.095	1945.075	240
2023-08-31 04:00	1945.055	1946.195	1943.155	1944.975	240
2023-08-31 08:00	1944.905	1945.838	1943.565	1945.555	239
2023-08-31 12:00	1945.535	1947.825	1938.864	1940.535	240
2023-08-31 16:00	1940.555	1942.358	1939.005	1939.995	240
2023-08-31 20:00	1939.975	1940.465	1938.875	1939.805	176
2023-09-01 00:00	1939.815	1944.005	1938.625	1938.825	240
2023-09-01 04:00	1938.815	1943.435	1938.105	1943.025	240
2023-09-01 08:00	1943.005	1945.785	1941.795	1944.365	240
2023-09-01 12:00	1944.348	1952.905	1934.355	1938.755	240
2023-09-01 16:00	1938.735	1941.425	1937.235	1940.445	240
2023-09-01 20:00	1940.495	1940.598	1939.238	1939.238	59
2023-09-03 20:00	1939.948	1940.985	1939.274	1940.428	120
2023-09-04 00:00	1940.425	1946.025	1939.958	1944.855	240
2023-09-04 04:00	1944.865	1946.185	1942.964	1943.708	240
2023-09-04 08:00	1943.708	1944.395	1939.775	1941.555	240
2023-09-04 12:00	1941.545	1941.635	1936.675	1938.595	239
2023-09-04 16:00	1938.555	1938.825	1937.875	1938.225	148
2023-09-04 20:00	1937.798	1938.715	1937.435	1937.515	115
2023-09-05 00:00	1937.515	1938.595	1934.845	1936.905	240
2023-09-05 04:00	1936.915	1938.905	1935.035	1935.465	240
2023-09-05 08:00	1935.445	1935.585	1930.000	1930.405	240
2023-09-05 12:00	1930.385	1934.645	1925.205	1925.958	240
2023-09-05 16:00	1925.958	1927.865	1925.375	1925.745	240
2023-09-05 20:00	1925.745	1926.835	1925.285	1926.525	178
2023-09-06 00:00	1926.535	1926.675	1924.098	1926.465	240
2023-09-06 04:00	1926.485	1928.375	1922.755	1922.855	239
2023-09-06 08:00	1922.875	1927.635	1922.600	1925.305	240
2023-09-06 12:00	1925.315	1929.055	1915.175	1916.675	240
2023-09-06 16:00	1916.695	1920.605	1915.898	1916.615	240
2023-09-06 20:00	1916.625	1918.105	1915.835	1917.055	179
2023-09-07 00:00	1917.025	1920.615	1916.188	1920.065	240
2023-09-07 04:00	1920.045	1920.175	1916.998	1918.228	240
2023-09-07 08:00	1918.228	1922.125	1917.275	1921.745	240
2023-09-07 12:00	1921.755	1923.495	1916.095	1920.875	240
2023-09-07 16:00	1920.855	1921.398	1917.358	1918.645	240
2023-09-07 20:00	1918.705	1920.214	1918.668	1920.128	179
2023-09-08 00:00	1920.095	1927.135	1919.908	1924.885	240
2023-09-08 04:00	1924.905	1927.155	1923.785	1924.015	240
2023-09-08 08:00	1924.025	1925.785	1922.485	1922.885	240
2023-09-08 12:00	1922.905	1929.595	1919.058	1919.485	240
2023-09-08 16:00	1919.495	1920.548	1917.225	1919.115	239
2023-09-08 20:00	1919.115	1919.275	1918.258	1918.258	60
2023-09-10 20:00	1919.865	1920.574	1916.584	1918.785	120
2023-09-11 00:00	1918.785	1924.055	1918.295	1923.255	240
2023-09-11 04:00	1923.235	1930.558	1922.875	1926.355	240
2023-09-11 08:00	1926.335	1927.925	1924.528	1925.105	240
2023-09-11 12:00	1925.135	1930.015	1921.295	1922.935	240
2023-09-11 16:00	1923.005	1925.045	1921.375	1922.645	240
2023-09-11 20:00	1922.625	1923.238	1921.088	1921.545	171
2023-09-12 00:00	1921.545	1924.235	1920.245	1923.645	240
2023-09-12 04:00	1923.595	1924.395	1918.678	1918.878	240
2023-09-12 08:00	1918.918	1921.275	1910.974	1912.875	240
2023-09-12 12:00	1912.855	1914.645	1907.478	1912.395	240
2023-09-12 16:00	1912.475	1914.955	1911.615	1912.925	240
2023-09-12 20:00	1912.905	1913.665	1911.508	1912.795	169
2023-09-13 00:00	1912.785	1913.745	1908.078	1909.548	240
2023-09-13 04:00	1909.535	1912.575	1908.115	1911.925	240
2023-09-13 08:00	1911.905	1912.978	1910.685	1912.215	240
2023-09-13 12:00	1912.235	1915.655	1905.555	1910.355	237
2023-09-13 16:00	1910.345	1911.585	1908.095	1908.705	240
2023-09-13 20:00	1908.725	1909.695	1907.335	1909.155	177
2023-09-14 00:00	1909.155	1912.825	1908.645	1909.635	240
2023-09-14 04:00	1909.645	1910.945	1905.028	1905.795	240
2023-09-14 08:00	1905.785	1909.035	1905.425	1907.398	240
2023-09-14 12:00	1907.418	1911.275	1900.898	1907.885	225
2023-09-14 16:00	1907.895	1911.958	1907.885	1909.345	240
2023-09-14 20:00	1909.318	1911.035	1909.115	1909.745	180
2023-09-15 00:00	1909.765	1915.915	1909.725	1915.565	240
2023-09-15 04:00	1915.565	1919.485	1914.845	1917.948	240
2023-09-15 08:00	1917.948	1919.855	1916.645	1919.165	240
2023-09-15 12:00	1919.185	1930.308	1915.905	1926.325	240
2023-09-15 16:00	1926.355	1927.748	1922.268	1922.375	236
2023-09-15 20:00	1922.365	1923.795	1922.295	1922.738	60
2023-09-17 20:00	1923.408	1924.364	1922.378	1923.175	120
2023-09-18 00:00	1923.185	1929.385	1923.145	1928.698	239
2023-09-18 04:00	1928.698	1930.575	1926.375	1926.395	240
2023-09-18 08:00	1926.375	1928.115	1925.035	1926.705	237
2023-09-18 12:00	1926.735	1929.325	1922.678	1928.875	236
2023-09-18 16:00	1928.955	1933.498	1927.554	1933.225	240
2023-09-18 20:00	1933.155	1934.425	1932.975	1934.055	180
2023-09-19 00:00	1934.065	1934.505	1931.595	1932.138	240
2023-09-19 04:00	1932.138	1934.715	1929.684	1934.375	240
2023-09-19 08:00	1934.365	1936.705	1933.375	1935.185	240
2023-09-19 12:00	1935.165	1937.275	1930.938	1933.005	240
2023-09-19 16:00	1933.015	1933.655	1929.675	1931.925	240
2023-09-19 20:00	1931.925	1932.245	1930.785	1931.315	177
2023-09-20 00:00	1931.305	1931.485	1928.395	1930.515	240
2023-09-20 04:00	1930.535	1932.245	1927.855	1928.665	239
2023-09-20 08:00	1928.645	1932.615	1928.625	1931.975	240
2023-09-20 12:00	1931.954	1945.744	1930.845	1941.728	240
2023-09-20 16:00	1941.728	1947.315	1932.805	1932.955	235
2023-09-20 20:00	1932.965	1933.585	1929.048	1929.308	180
2023-09-21 00:00	1929.278	1929.605	1924.085	1928.188	240
2023-09-21 04:00	1928.165	1930.425	1926.245	1927.055	238
2023-09-21 08:00	1927.065	1927.325	1920.145	1920.675	240
2023-09-21 12:00	1920.655	1923.695	1913.808	1917.375	240
2023-09-21 16:00	1917.385	1921.175	1916.245	1919.675	240
2023-09-21 20:00	1919.665	1921.455	1919.035	1921.295	180
2023-09-22 00:00	1921.315	1925.415	1921.145	1923.755	240
2023-09-22 04:00	1923.755	1928.595	1923.325	1927.915	240
2023-09-22 08:00	1927.905	1927.905	1924.215	1925.358	240
2023-09-22 12:00	1925.364	1929.015	1924.055	1927.615	240
2023-09-22 16:00	1927.605	1928.465	1924.245	1925.375	239
2023-09-22 20:00	1925.335	1925.465	1924.528	1924.818	59
2023-09-24 20:00	1924.335	1926.324	1924.315	1924.665	119
2023-09-25 00:00	1924.665	1925.235	1922.565	1923.575	240
2023-09-25 04:00	1923.555	1927.115	1920.765	1923.365	240
2023-09-25 08:00	1923.375	1924.915	1920.808	1923.985	186
2023-09-25 12:00	1923.955	1926.745	1915.045	1917.375	240
2023-09-25 16:00	1917.375	1918.175	1915.115	1915.445	240
2023-09-25 20:00	1915.435	1916.715	1915.385	1916.165	179
2023-09-26 00:00	1916.145	1916.405	1912.935	1913.565	240
2023-09-26 04:00	1913.505	1915.075	1909.575	1913.555	240
2023-09-26 08:00	1913.595	1915.565	1910.438	1911.485	240
2023-09-26 12:00	1911.485	1912.755	1900.695	1902.295	240
2023-09-26 16:00	1902.315	1903.525	1899.005	1900.465	240
2023-09-26 20:00	1900.485	1901.995	1900.078	1901.465	178
2023-09-27 00:00	1901.455	1903.825	1899.405	1899.825	240
2023-09-27 04:00	1899.795	1899.795	1895.535	1896.625	240
2023-09-27 08:00	1896.605	1897.755	1892.415	1892.778	240
2023-09-27 12:00	1892.768	1892.978	1879.655	1881.385	240
2023-09-27 16:00	1881.405	1881.485	1872.445	1876.595	240
2023-09-27 20:00	1876.605	1877.595	1874.338	1877.505	180
2023-09-28 00:00	1877.515	1877.825	1873.475	1874.585	240
2023-09-28 04:00	1874.585	1878.145	1873.605	1875.655	240
2023-09-28 08:00	1875.685	1877.135	1873.565	1875.955	240
2023-09-28 12:00	1875.995	1879.485	1857.565	1864.695	240
2023-09-28 16:00	1864.665	1867.265	1860.845	1867.085	240
2023-09-28 20:00	1867.075	1867.215	1863.645	1866.645	180
2023-09-29 00:00	1866.635	1867.175	1862.875	1863.225	240
2023-09-29 04:00	1863.175	1873.895	1863.015	1873.465	239
2023-09-29 08:00	1873.445	1873.665	1867.465	1869.328	240
2023-09-29 12:00	1869.328	1879.765	1852.165	1854.715	240
2023-09-29 16:00	1854.725	1856.375	1846.205	1848.145	240
2023-09-29 20:00	1848.035	1849.728	1847.635	1848.098	60
2023-10-01 20:00	1847.268	1848.645	1845.595	1848.285	120
2023-10-02 00:00	1848.295	1848.835	1842.785	1843.375	240
2023-10-02 04:00	1843.365	1846.175	1839.145	1839.705	240
2023-10-02 08:00	1839.685	1843.115	1831.014	1837.245	240
2023-10-02 12:00	1837.235	1840.528	1827.065	1832.545	240
2023-10-02 16:00	1832.555	1833.495	1829.175	1829.305	239
2023-10-02 20:00	1829.215	1829.605	1820.405	1824.845	180
2023-10-03 00:00	1824.818	1825.155	1815.245	1820.378	240
2023-10-03 04:00	1820.448	1824.505	1818.115	1823.975	240
2023-10-03 08:00	1823.945	1829.065	1823.605	1825.885	240
2023-10-03 12:00	1825.895	1833.205	1819.145	1824.738	240
2023-10-03 16:00	1824.738	1828.025	1821.825	1823.865	240
2023-10-03 20:00	1823.795	1824.965	1822.018	1823.255	179
2023-10-04 00:00	1823.225	1824.945	1819.495	1820.645	240
2023-10-04 04:00	1820.655	1823.705	1816.635	1823.015	240
2023-10-04 08:00	1822.985	1827.095	1820.118	1824.885	240
2023-10-04 12:00	1824.918	1830.455	1816.975	1823.745	240
2023-10-04 16:00	1823.835	1823.935	1816.475	1823.198	240
2023-10-04 20:00	1823.198	1823.955	1820.335	1822.425	179
2023-10-05 00:00	1822.445	1828.595	1821.625	1828.265	240
2023-10-05 04:00	1828.265	1829.105	1819.805	1820.675	240
2023-10-05 08:00	1820.695	1823.845	1819.565	1822.935	240
2023-10-05 12:00	1822.925	1823.805	1812.924	1815.445	240
2023-10-05 16:00	1815.445	1820.775	1814.755	1820.265	240
2023-10-05 20:00	1820.305	1822.998	1819.395	1821.138	179
2023-10-06 00:00	1821.125	1824.375	1819.595	1823.925	240
2023-10-06 04:00	1823.915	1824.475	1818.525	1821.275	239
2023-10-06 08:00	1821.295	1825.025	1819.195	1821.175	240
2023-10-06 12:00	1821.155	1834.725	1810.288	1832.485	240
2023-10-06 16:00	1832.515	1833.845	1828.725	1829.335	240
2023-10-06 20:00	1829.335	1832.835	1828.855	1832.698	60
2023-10-08 20:00	1847.405	1855.435	1845.235	1847.865	120
2023-10-09 00:00	1847.895	1852.715	1846.098	1851.005	240
2023-10-09 04:00	1851.045	1854.278	1847.905	1850.318	240
2023-10-09 08:00	1850.255	1852.255	1848.885	1849.935	240
2023-10-09 12:00	1849.965	1853.135	1844.135	1851.495	240
2023-10-09 16:00	1851.525	1863.395	1848.585	1863.148	240
2023-10-09 20:00	1863.148	1863.148	1860.195	1862.418	179
2023-10-10 00:00	1862.405	1865.315	1861.295	1862.385	240
2023-10-10 04:00	1862.385	1862.425	1855.075	1857.275	240
2023-10-10 08:00	1857.285	1859.725	1854.765	1857.075	240
2023-10-10 12:00	1857.105	1862.205	1852.888	1861.205	240
2023-10-10 16:00	1861.215	1862.665	1858.015	1860.055	240
2023-10-10 20:00	1860.035	1860.755	1859.185	1859.495	177
2023-10-11 00:00	1859.498	1862.025	1859.358	1860.005	240
2023-10-11 04:00	1860.005	1868.105	1858.535	1867.875	240
2023-10-11 08:00	1867.865	1874.675	1866.815	1870.895	240
2023-10-11 12:00	1870.955	1874.945	1867.118	1872.955	240
2023-10-11 16:00	1872.945	1877.105	1870.725	1873.468	240
2023-10-11 20:00	1873.468	1875.705	1873.298	1875.195	179
2023-10-12 00:00	1875.215	1878.675	1874.355	1877.565	240
2023-10-12 04:00	1877.585	1882.575	1876.685	1878.765	240
2023-10-12 08:00	1878.755	1884.385	1878.555	1883.455	240
2023-10-12 12:00	1883.485	1884.885	1870.505	1872.225	240
2023-10-12 16:00	1872.265	1873.595	1867.825	1868.275	240
2023-10-12 20:00	1868.275	1871.155	1868.245	1870.505	180
2023-10-13 00:00	1870.515	1873.915	1870.045	1873.565	240
2023-10-13 04:00	1873.555	1883.025	1873.475	1882.075	240
2023-10-13 08:00	1882.045	1899.778	1881.915	1896.298	240
2023-10-13 12:00	1896.295	1923.015	1896.285	1922.885	240
2023-10-13 16:00	1922.864	1930.638	1922.315	1928.275	240
2023-10-13 20:00	1928.375	1932.875	1927.005	1932.738	60
2023-10-15 20:00	1927.998	1929.355	1921.034	1925.765	120
2023-10-16 00:00	1925.775	1925.845	1917.955	1919.975	240
2023-10-16 04:00	1919.985	1920.385	1908.085	1911.365	239
2023-10-16 08:00	1911.365	1918.255	1909.865	1915.535	240
2023-10-16 12:00	1915.515	1924.428	1914.365	1921.405	240
2023-10-16 16:00	1921.435	1922.705	1917.775	1918.885	240
2023-10-16 20:00	1918.885	1921.725	1918.635	1919.355	180
2023-10-17 00:00	1919.355	1919.935	1912.315	1916.775	240
2023-10-17 04:00	1916.775	1921.235	1914.145	1919.995	240
2023-10-17 08:00	1919.955	1926.518	1918.545	1923.965	240
2023-10-17 12:00	1923.875	1931.414	1918.915	1926.718	240
2023-10-17 16:00	1926.718	1926.718	1919.035	1922.545	240
2023-10-17 20:00	1922.565	1925.385	1922.038	1924.548	179
2023-10-18 00:00	1924.565	1942.645	1923.678	1937.395	240
2023-10-18 04:00	1937.365	1940.045	1934.958	1939.585	240
2023-10-18 08:00	1939.545	1947.365	1937.115	1946.038	240
2023-10-18 12:00	1946.034	1962.545	1938.125	1945.125	240
2023-10-18 16:00	1945.105	1956.505	1944.575	1950.278	240
2023-10-18 20:00	1950.345	1951.615	1946.625	1950.745	180
2023-10-19 00:00	1950.775	1953.215	1945.125	1946.275	240
2023-10-19 04:00	1946.265	1952.658	1945.205	1949.365	240
2023-10-19 08:00	1949.345	1954.395	1947.775	1952.095	240
2023-10-19 12:00	1952.095	1959.805	1949.685	1956.075	240
2023-10-19 16:00	1956.095	1977.575	1951.985	1974.235	240
2023-10-19 20:00	1974.365	1982.205	1972.358	1977.035	180
2023-10-20 00:00	1977.038	1981.828	1971.905	1977.725	240
2023-10-20 04:00	1977.705	1982.065	1974.045	1980.055	240
2023-10-20 08:00	1980.095	1985.795	1976.268	1977.165	240
2023-10-20 12:00	1977.175	1997.135	1973.185	1991.495	240
2023-10-20 16:00	1991.515	1992.405	1974.255	1979.595	240
2023-10-20 20:00	1979.565	1981.755	1978.835	1980.648	60
2023-10-22 20:00	1967.114	1978.535	1964.865	1971.445	120
2023-10-23 00:00	1971.445	1974.665	1964.275	1973.558	240
2023-10-23 04:00	1973.558	1979.675	1972.665	1979.395	240
2023-10-23 08:00	1979.375	1982.725	1975.148	1979.275	240
2023-10-23 12:00	1979.275	1981.865	1970.025	1975.265	240
2023-10-23 16:00	1975.295	1979.225	1971.075	1973.145	240
2023-10-23 20:00	1973.145	1973.715	1971.285	1973.455	180
2023-10-24 00:00	1973.465	1980.735	1972.365	1976.835	240
2023-10-24 04:00	1976.805	1979.105	1974.385	1975.225	240
2023-10-24 08:00	1975.265	1975.845	1953.404	1963.558	240
2023-10-24 12:00	1963.515	1969.938	1958.855	1969.628	240
2023-10-24 16:00	1969.624	1977.485	1968.795	1972.595	240
2023-10-24 20:00	1972.605	1973.305	1969.845	1972.725	177
2023-10-25 00:00	1972.745	1976.905	1970.805	1973.155	240
2023-10-25 04:00	1973.135	1975.865	1968.195	1971.085	240
2023-10-25 08:00	1971.105	1976.375	1969.358	1974.605	240
2023-10-25 12:00	1974.685	1987.115	1962.854	1981.095	240
2023-10-25 16:00	1981.105	1985.525	1976.435	1980.715	240
2023-10-25 20:00	1980.725	1984.055	1977.535	1982.895	180
2023-10-26 00:00	1982.875	1987.235	1982.315	1987.105	240
2023-10-26 04:00	1987.135	1990.045	1983.895	1990.025	240
2023-10-26 08:00	1990.025	1993.385	1982.364	1984.525	240
2023-10-26 12:00	1984.545	1986.625	1971.655	1980.105	240
2023-10-26 16:00	1980.098	1989.165	1979.625	1984.255	240
2023-10-26 20:00	1984.225	1986.665	1983.268	1984.345	179
2023-10-27 00:00	1984.345	1988.745	1982.795	1987.785	240
2023-10-27 04:00	1987.895	1989.835	1985.658	1987.275	240
2023-10-27 08:00	1987.255	1987.815	1979.855	1981.765	240
2023-10-27 12:00	1981.765	1986.085	1976.755	1979.845	240
2023-10-27 16:00	1979.825	2009.395	1979.095	2007.000	240
2023-10-27 20:00	2007.000	2007.048	2004.228	2005.648	60
2023-10-29 20:00	2004.135	2006.648	1996.814	2002.695	120
2023-10-30 00:00	2002.725	2006.685	2001.365	2001.935	240
2023-10-30 04:00	2001.935	2002.645	1993.275	1993.565	240
2023-10-30 08:00	1993.665	1997.305	1990.835	1995.685	240
2023-10-30 12:00	1995.705	2002.435	1991.828	1999.018	240
2023-10-30 16:00	1998.998	2000.585	1994.615	1995.825	240
2023-10-30 20:00	1995.785	1996.535	1993.915	1995.445	180
2023-10-31 00:00	1995.338	1997.205	1991.585	1992.055	240
2023-10-31 04:00	1992.075	1997.495	1990.475	1996.145	240
2023-10-31 08:00	1996.195	2000.305	1994.914	1999.825	240
2023-10-31 12:00	1999.785	2007.734	1992.235	1994.145	240
2023-10-31 16:00	1994.145	1994.705	1978.735	1984.748	240
2023-10-31 20:00	1984.708	1986.065	1982.778	1983.625	180
2023-11-01 00:00	1983.625	1983.955	1976.855	1977.015	240
2023-11-01 04:00	1977.015	1980.955	1975.058	1977.005	240
2023-11-01 08:00	1977.035	1985.125	1976.985	1983.355	240
2023-11-01 12:00	1983.325	1991.898	1978.178	1979.125	240
2023-11-01 16:00	1979.145	1982.308	1969.815	1978.428	240
2023-11-01 20:00	1978.405	1985.635	1976.958	1985.025	180
2023-11-02 00:00	1984.995	1988.048	1983.275	1985.315	240
2023-11-02 04:00	1985.325	1986.575	1983.585	1985.365	240
2023-11-02 08:00	1985.355	1990.335	1984.368	1988.365	240
2023-11-02 12:00	1988.365	1990.935	1978.775	1981.035	240
2023-11-02 16:00	1981.055	1986.528	1978.885	1985.345	240
2023-11-02 20:00	1985.295	1986.445	1984.275	1984.885	179
2023-11-03 00:00	1984.895	1987.775	1983.155	1985.745	240
2023-11-03 04:00	1985.725	1989.155	1984.384	1986.378	240
2023-11-03 08:00	1986.358	1990.175	1986.008	1987.545	240
2023-11-03 12:00	1987.565	2003.968	1985.494	1991.635	240
2023-11-03 16:00	1991.725	1995.045	1989.195	1992.575	240
2023-11-03 20:00	1992.585	1992.875	1991.895	1992.058	60
2023-11-05 20:00	1991.698	1992.748	1987.075	1988.415	60
2023-11-06 00:00	1988.405	1992.955	1981.845	1985.105	240
2023-11-06 04:00	1985.085	1985.295	1982.185	1983.355	240
2023-11-06 08:00	1983.355	1988.255	1982.685	1987.635	240
2023-11-06 12:00	1987.615	1988.995	1980.995	1981.025	240
2023-11-06 16:00	1981.035	1984.385	1979.145	1980.255	240
2023-11-06 20:00	1980.208	1980.235	1975.725	1976.665	180
2023-11-07 00:00	1976.705	1976.985	1972.118	1972.515	240
2023-11-07 04:00	1972.485	1974.185	1967.115	1969.255	240
2023-11-07 08:00	1969.225	1970.155	1962.565	1963.825	240
2023-11-07 12:00	1963.825	1967.135	1956.598	1963.248	240
2023-11-07 16:00	1963.278	1969.738	1961.705	1967.288	240
2023-11-07 20:00	1967.255	1969.428	1966.808	1968.808	180
2023-11-08 00:00	1968.798	1970.955	1967.155	1967.705	240
2023-11-08 04:00	1967.695	1969.055	1964.885	1967.585	240
2023-11-08 08:00	1967.535	1968.915	1959.485	1964.395	240
2023-11-08 12:00	1964.365	1966.555	1950.898	1955.335	240
2023-11-08 16:00	1955.355	1957.855	1947.425	1948.095	240
2023-11-08 20:00	1948.095	1951.765	1947.325	1950.805	180
2023-11-09 00:00	1950.785	1954.505	1947.735	1949.195	240
2023-11-09 04:00	1949.185	1950.425	1947.935	1949.255	240
2023-11-09 08:00	1949.205	1949.625	1944.575	1948.688	240
2023-11-09 12:00	1948.688	1964.795	1944.725	1962.885	240
2023-11-09 16:00	1962.804	1965.498	1956.075	1958.325	240
2023-11-09 20:00	1958.355	1960.025	1956.845	1959.055	179
2023-11-10 00:00	1959.055	1960.695	1956.365	1959.375	240
2023-11-10 04:00	1959.355	1959.445	1953.595	1955.275	240
2023-11-10 08:00	1955.295	1957.075	1947.085	1948.155	240
2023-11-10 12:00	1948.155	1949.038	1939.645	1941.955	240
2023-11-10 16:00	1941.985	1943.335	1932.865	1935.268	240
2023-11-10 20:00	1935.235	1938.748	1934.405	1938.148	120
2023-11-12 20:00	1938.165	1940.935	1933.845	1940.248	59
2023-11-13 00:00	1940.205	1941.748	1933.895	1935.185	240
2023-11-13 04:00	1935.175	1941.145	1934.145	1938.685	240
2023-11-13 08:00	1938.685	1940.385	1935.835	1937.915	240
2023-11-13 12:00	1937.835	1938.775	1931.515	1938.345	240
2023-11-13 16:00	1938.355	1949.115	1938.105	1946.078	240
2023-11-13 20:00	1946.035	1946.728	1945.028	1946.445	179
2023-11-14 00:00	1946.455	1948.258	1944.315	1944.715	240
2023-11-14 04:00	1944.625	1946.435	1943.675	1945.505	239
2023-11-14 08:00	1945.485	1948.075	1944.235	1945.835	239
2023-11-14 12:00	1945.875	1970.835	1937.978	1964.315	240
2023-11-14 16:00	1964.325	1966.495	1961.545	1963.635	240
2023-11-14 20:00	1963.665	1964.415	1962.015	1962.375	179
2023-11-15 00:00	1962.415	1966.925	1961.515	1966.718	240
2023-11-15 04:00	1966.705	1970.925	1965.825	1970.235	240
2023-11-15 08:00	1970.395	1974.005	1969.715	1972.905	240
2023-11-15 12:00	1972.895	1975.148	1955.325	1962.998	240
2023-11-15 16:00	1963.008	1963.598	1959.065	1961.675	240
2023-11-15 20:00	1961.655	1962.105	1958.925	1960.305	180
2023-11-16 00:00	1960.275	1962.055	1956.365	1961.335	240
2023-11-16 04:00	1961.325	1967.745	1960.725	1966.405	240
2023-11-16 08:00	1966.385	1968.455	1964.545	1965.465	240
2023-11-16 12:00	1965.445	1986.425	1962.015	1984.768	240
2023-11-16 16:00	1984.764	1987.848	1980.055	1983.135	240
2023-11-16 20:00	1983.125	1984.005	1980.125	1982.505	180
2023-11-17 00:00	1982.505	1986.875	1981.638	1986.635	240
2023-11-17 04:00	1986.615	1987.565	1982.595	1987.565	240
2023-11-17 08:00	1987.585	1993.335	1984.558	1988.694	240
2023-11-17 12:00	1988.675	1991.545	1979.295	1983.375	240
2023-11-17 16:00	1983.455	1985.178	1978.478	1980.325	240
2023-11-17 20:00	1980.275	1981.005	1978.955	1980.398	120
2023-11-19 20:00	1977.698	1978.664	1974.145	1974.515	60
2023-11-20 00:00	1974.505	1985.085	1973.265	1982.138	240
2023-11-20 04:00	1982.128	1983.365	1978.055	1978.545	240
2023-11-20 08:00	1978.535	1980.405	1972.215	1973.325	240
2023-11-20 12:00	1973.295	1973.315	1965.355	1971.808	240
2023-11-20 16:00	1971.808	1978.845	1971.165	1978.365	240
2023-11-20 20:00	1978.385	1981.458	1976.845	1981.195	180
2023-11-21 00:00	1981.175	1994.195	1980.635	1993.105	240
2023-11-21 04:00	1993.105	1993.975	1989.575	1992.335	240
2023-11-21 08:00	1992.298	1994.215	1984.158	1987.165	240
2023-11-21 12:00	1987.175	2007.475	1986.565	2004.128	240
2023-11-21 16:00	2004.175	2005.195	1996.155	2000.025	240
2023-11-21 20:00	2000.055	2000.135	1997.525	1999.255	180
2023-11-22 00:00	1999.215	1999.215	1995.358	1996.354	240
2023-11-22 04:00	1996.365	2003.908	1996.075	2003.608	240
2023-11-22 08:00	2003.608	2006.318	1999.015	2000.575	240
2023-11-22 12:00	2000.545	2003.105	1989.885	1994.798	240
2023-11-22 16:00	1994.815	1995.398	1986.805	1990.615	240
2023-11-22 20:00	1990.645	1991.765	1988.415	1990.348	180
2023-11-23 00:00	1990.308	1998.125	1990.008	1997.725	240
2023-11-23 04:00	1997.735	1998.408	1993.365	1996.275	240
2023-11-23 08:00	1996.265	1996.305	1992.095	1993.805	240
2023-11-23 12:00	1993.785	1994.805	1991.695	1992.025	240
2023-11-23 16:00	1992.015	1992.955	1989.715	1992.555	149
2023-11-23 20:00	1991.698	1994.198	1991.698	1994.025	60
2023-11-24 00:00	1994.065	1994.855	1991.338	1993.545	240
2023-11-24 04:00	1993.545	1994.658	1991.405	1993.405	240
2023-11-24 08:00	1993.324	1996.185	1992.094	1995.145	240
2023-11-24 12:00	1995.205	2003.515	1994.285	1998.315	240
2023-11-24 16:00	1998.295	2002.228	1997.048	2000.505	104
2023-11-26 20:00	2000.995	2003.055	2000.398	2002.298	60
2023-11-27 00:00	2002.255	2018.085	2001.725	2009.418	240
2023-11-27 04:00	2009.418	2013.625	2008.315	2010.895	240
2023-11-27 08:00	2010.825	2015.395	2010.445	2012.485	240
2023-11-27 12:00	2012.505	2016.215	2008.615	2010.245	240
2023-11-27 16:00	2010.305	2013.545	2005.608	2012.745	240
2023-11-27 20:00	2012.705	2015.308	2011.868	2015.115	180
2023-11-28 00:00	2015.115	2017.975	2013.845	2014.865	240
2023-11-28 04:00	2014.895	2016.778	2012.005	2013.395	240
2023-11-28 08:00	2013.485	2016.635	2012.415	2015.105	240
2023-11-28 12:00	2015.145	2031.405	2011.478	2030.718	240
2023-11-28 16:00	2030.684	2042.915	2030.385	2041.648	240
2023-11-28 20:00	2041.628	2044.425	2039.505	2044.315	180
2023-11-29 00:00	2044.365	2051.865	2042.715	2043.985	240
2023-11-29 04:00	2043.985	2048.895	2040.985	2042.295	240
2023-11-29 08:00	2042.305	2043.985	2035.205	2039.995	240
2023-11-29 12:00	2039.995	2046.845	2038.458	2042.935	129
2023-11-29 16:00	2042.915	2049.438	2039.455	2046.215	240
2023-11-29 20:00	2046.235	2046.395	2042.678	2044.595	180
2023-11-30 00:00	2044.605	2047.118	2042.525	2045.985	240
2023-11-30 04:00	2045.995	2046.845	2041.264	2044.535	240
2023-11-30 08:00	2044.555	2045.548	2035.835	2037.065	240
2023-11-30 12:00	2037.095	2043.975	2031.258	2037.815	240
2023-11-30 16:00	2037.815	2041.235	2033.575	2036.125	240
2023-11-30 20:00	2036.065	2040.525	2034.735	2040.005	180
2023-12-01 00:00	2040.065	2043.325	2038.628	2039.415	240
2023-12-01 04:00	2039.415	2042.815	2038.768	2039.395	240
2023-12-01 08:00	2039.395	2049.745	2036.415	2036.945	240
2023-12-01 12:00	2036.985	2053.125	2033.805	2049.215	240
2023-12-01 16:00	2049.245	2075.265	2044.538	2066.955	240
2023-12-01 20:00	2066.935	2072.108	2066.435	2071.668	120
2023-12-03 20:00	2072.525	2145.135	2071.604	2117.915	59
2023-12-04 00:00	2118.065	2120.865	2083.065	2085.765	240
2023-12-04 04:00	2085.735	2090.385	2061.374	2063.395	240
2023-12-04 08:00	2063.375	2076.048	2057.685	2070.775	240
2023-12-04 12:00	2070.795	2071.155	2019.925	2022.478	240
2023-12-04 16:00	2022.425	2031.425	2020.745	2030.835	240
2023-12-04 20:00	2030.845	2034.105	2026.205	2033.955	180
2023-12-05 00:00	2033.915	2041.155	2032.575	2037.275	240
2023-12-05 04:00	2037.255	2038.295	2030.354	2032.585	240
2023-12-05 08:00	2032.645	2039.495	2021.455	2024.715	240
2023-12-05 12:00	2024.695	2030.775	2009.855	2016.155	240
2023-12-05 16:00	2016.155	2020.445	2012.095	2019.678	240
2023-12-05 20:00	2019.655	2020.775	2017.098	2018.875	180
2023-12-06 00:00	2018.855	2024.155	2018.665	2023.105	240
2023-12-06 04:00	2023.145	2035.785	2020.295	2034.015	240
2023-12-06 08:00	2033.965	2034.795	2020.075	2021.265	240
2023-12-06 12:00	2021.285	2032.935	2020.885	2030.195	240
2023-12-06 16:00	2030.185	2031.235	2023.865	2029.808	240
2023-12-06 20:00	2029.755	2029.808	2024.318	2027.025	180
2023-12-07 00:00	2027.015	2029.945	2026.015	2026.815	240
2023-12-07 04:00	2026.765	2030.655	2025.155	2029.505	240
2023-12-07 08:00	2029.525	2035.025	2028.745	2032.545	240
2023-12-07 12:00	2032.525	2039.778	2025.085	2029.205	240
2023-12-07 16:00	2029.195	2031.865	2020.075	2029.785	240
2023-12-07 20:00	2029.818	2031.228	2026.755	2028.015	180
2023-12-08 00:00	2028.015	2033.874	2027.355	2032.385	240
2023-12-08 04:00	2032.395	2032.395	2028.775	2030.735	240
2023-12-08 08:00	2030.725	2032.295	2026.425	2029.875	240
2023-12-08 12:00	2029.895	2030.015	2002.495	2008.875	240
2023-12-08 16:00	2008.885	2009.585	1994.555	2000.615	240
2023-12-08 20:00	2000.675	2004.908	1999.945	2004.418	120
2023-12-10 20:00	2002.794	2007.535	2002.484	2006.935	60
2023-12-11 00:00	2006.965	2007.705	1995.445	1996.845	240
2023-12-11 04:00	1996.845	2000.515	1991.215	1992.725	240
2023-12-11 08:00	1992.725	1997.715	1991.175	1996.135	240
2023-12-11 12:00	1996.235	1996.645	1980.505	1982.245	240
2023-12-11 16:00	1982.305	1984.225	1975.725	1981.455	240
2023-12-11 20:00	1981.475	1984.185	1980.275	1982.895	180
2023-12-12 00:00	1982.845	1989.415	1981.895	1985.425	240
2023-12-12 04:00	1985.415	1989.005	1984.635	1987.985	240
2023-12-12 08:00	1987.965	1988.335	1982.615	1988.298	240
2023-12-12 12:00	1988.325	1996.625	1979.974	1981.505	240
2023-12-12 16:00	1981.595	1983.585	1977.115	1980.148	240
2023-12-12 20:00	1980.125	1982.725	1978.785	1982.415	180
2023-12-13 00:00	1982.445	1982.445	1977.625	1977.815	240
2023-12-13 04:00	1977.815	1980.455	1972.935	1979.185	240
2023-12-13 08:00	1979.195	1983.495	1978.495	1982.765	240
2023-12-13 12:00	1982.775	1986.648	1978.335	1981.795	240
2023-12-13 16:00	1981.775	2017.355	1979.575	2013.555	240
2023-12-13 20:00	2013.645	2033.025	2012.485	2032.765	180
2023-12-14 00:00	2032.735	2039.175	2029.928	2030.895	240
2023-12-14 04:00	2030.895	2037.285	2029.165	2032.605	240
2023-12-14 08:00	2032.575	2040.215	2031.915	2034.965	240
2023-12-14 12:00	2034.965	2047.775	2027.445	2040.205	240
2023-12-14 16:00	2040.215	2041.435	2029.015	2033.145	240
2023-12-14 20:00	2033.145	2038.615	2032.685	2035.445	180
2023-12-15 00:00	2035.545	2037.375	2031.225	2035.775	240
2023-12-15 04:00	2035.785	2038.998	2034.198	2037.795	240
2023-12-15 08:00	2037.745	2044.295	2036.824	2041.555	240
2023-12-15 12:00	2041.655	2044.815	2026.838	2035.055	240
2023-12-15 16:00	2035.025	2036.258	2015.515	2019.045	240
2023-12-15 20:00	2019.015	2021.535	2017.325	2019.485	120
2023-12-17 20:00	2018.898	2020.675	2015.885	2017.345	60